lang	article_number	risk	words	h2	h2_density	short_ratio	short_run	paragraphs	title	reasons	path
en	24	10	628	10	15.92	0.55	5	40	How to handle toddler yelling without yelling back	body_under_800_words,high_h2_density,many_short_paragraphs,long_run_of_short_paragraphs,many_sections	content/articles/en/024-toddler-yelling-respectful-parenting.json
en	43	10	733	10	13.64	0.468	7	47	How to Handle Sibling Rivalry Without Becoming the Constant Referee	body_under_800_words,high_h2_density,many_short_paragraphs,long_run_of_short_paragraphs,many_sections	content/articles/en/043-sibling-rivalry-without-being-constant-referee.json
en	50	10	603	10	16.58	0.487	7	39	How to Set Boundaries With Grandparents and Family Without Breaking the Relationship	body_under_800_words,high_h2_density,many_short_paragraphs,long_run_of_short_paragraphs,many_sections	content/articles/en/050-boundaries-with-grandparents-without-breaking-relationship.json
en	1026	10	638	10	15.67	0.447	7	38	Missing silence after having young kids	body_under_800_words,high_h2_density,many_short_paragraphs,long_run_of_short_paragraphs,many_sections	content/articles/en/1026-missing-silence-after-young-kids.json
en	1029	10	635	10	15.75	0.447	6	38	Missing your old friendships and social life after becoming a mom	body_under_800_words,high_h2_density,many_short_paragraphs,long_run_of_short_paragraphs,many_sections	content/articles/en/1029-missing-friendships-and-plans-before-kids.json
en	1043	10	534	10	18.73	0.559	5	34	The Pressure to Keep Creating Special Memories for Your Kids	body_under_800_words,high_h2_density,many_short_paragraphs,long_run_of_short_paragraphs,many_sections	content/articles/en/1043-pressure-to-create-special-memories-for-kids.json
en	1045	10	586	10	17.06	0.472	5	36	The Pressure to Be Fun, Organized, and Affectionate Every Day as a Mom	body_under_800_words,high_h2_density,many_short_paragraphs,long_run_of_short_paragraphs,many_sections	content/articles/en/1045-pressure-to-be-fun-organized-affectionate-mom.json
en	1049	10	548	10	18.25	0.5	5	34	The Pressure to Keep a Beautiful, Tidy Home While Raising Kids	body_under_800_words,high_h2_density,many_short_paragraphs,long_run_of_short_paragraphs,many_sections	content/articles/en/1049-pressure-to-keep-beautiful-tidy-home-with-kids.json
en	1050	10	648	10	15.43	0.488	6	43	How to Stop Living Motherhood Like a Test You Have to Pass	body_under_800_words,high_h2_density,many_short_paragraphs,long_run_of_short_paragraphs,many_sections	content/articles/en/1050-stop-living-motherhood-like-an-exam.json
es	22	10	746	10	13.4	0.62	6	50	Cómo acompañar a un niño que pega sin etiquetarlo como agresivo	body_under_800_words,high_h2_density,many_short_paragraphs,long_run_of_short_paragraphs,many_sections	content/articles/es/022-nino-pega-sin-etiquetarlo-agresivo.json
es	1029	10	630	10	15.87	0.553	8	38	Echar de menos amistades y planes de antes después de convertirte en madre	body_under_800_words,high_h2_density,many_short_paragraphs,long_run_of_short_paragraphs,many_sections	content/articles/es/1029-echar-menos-amistades-planes-antes-hijos.json
es	1049	10	569	10	17.57	0.486	5	35	La presión de tener una casa bonita y ordenada además de criar a tus hijos	body_under_800_words,high_h2_density,many_short_paragraphs,long_run_of_short_paragraphs,many_sections	content/articles/es/1049-presion-casa-bonita-ordenada-con-hijos.json
es	1050	10	632	10	15.82	0.523	6	44	Cómo dejar de vivir la maternidad como un examen que tienes que aprobar	body_under_800_words,high_h2_density,many_short_paragraphs,long_run_of_short_paragraphs,many_sections	content/articles/es/1050-dejar-vivir-maternidad-como-examen.json
en	23	9	656	10	15.24	0.472	4	36	What to do when your child bites without punishment or shame	body_under_800_words,high_h2_density,many_short_paragraphs,run_of_short_paragraphs,many_sections	content/articles/en/023-child-bites-without-punishment-shame.json
en	25	9	593	10	16.86	0.394	3	33	When kids won't clean up: how to teach cooperation without turning it into a fight	body_under_800_words,high_h2_density,many_short_paragraphs,run_of_short_paragraphs,many_sections	content/articles/en/025-child-wont-clean-up-cooperation.json
en	26	9	622	10	16.08	0.447	3	38	How to help a child accept no without giving in or turning it into a battle	body_under_800_words,high_h2_density,many_short_paragraphs,run_of_short_paragraphs,many_sections	content/articles/en/026-help-child-accept-no.json
en	29	9	650	10	15.38	0.405	4	37	Independent play: how to encourage it without demanding that your child entertain themselves	body_under_800_words,high_h2_density,many_short_paragraphs,run_of_short_paragraphs,many_sections	content/articles/en/029-independent-play-without-pressure.json
en	36	9	740	9	12.16	0.442	5	43	How to support a frustrated child without fixing everything for them	body_under_800_words,high_h2_density,many_short_paragraphs,long_run_of_short_paragraphs	content/articles/en/036-support-child-frustration-without-fixing.json
en	44	9	644	9	13.98	0.474	5	38	Jealousy After a New Baby: How to Support the Older Sibling	body_under_800_words,high_h2_density,many_short_paragraphs,long_run_of_short_paragraphs	content/articles/en/044-jealousy-after-new-baby-older-sibling.json
en	46	9	708	10	14.12	0.39	3	41	How to Share the Mental Load of Parenting as a Couple	body_under_800_words,high_h2_density,many_short_paragraphs,run_of_short_paragraphs,many_sections	content/articles/en/046-share-parenting-mental-load-as-a-couple.json
en	47	9	630	10	15.87	0.417	4	36	Coparenting When You Don’t Always Agree: How to Stay on the Same Team	body_under_800_words,high_h2_density,many_short_paragraphs,run_of_short_paragraphs,many_sections	content/articles/en/047-coparenting-when-you-do-not-always-agree.json
en	48	9	666	10	15.02	0.385	3	39	Involved Fatherhood From the Start: Real Ways to Connect With Your Baby	body_under_800_words,high_h2_density,many_short_paragraphs,run_of_short_paragraphs,many_sections	content/articles/en/048-involved-fatherhood-connect-with-baby.json
en	49	9	663	10	15.08	0.537	4	41	How to Take Care of Your Relationship After Kids Without Making It Another Chore	body_under_800_words,high_h2_density,many_short_paragraphs,run_of_short_paragraphs,many_sections	content/articles/en/049-care-for-relationship-after-kids-without-another-chore.json
en	1024	9	627	10	15.95	0.429	3	35	Missing spontaneity after becoming a mom	body_under_800_words,high_h2_density,many_short_paragraphs,run_of_short_paragraphs,many_sections	content/articles/en/1024-missing-spontaneity-after-motherhood.json
en	1030	9	695	10	14.39	0.395	4	38	Grieving your old life after having a baby	body_under_800_words,high_h2_density,many_short_paragraphs,run_of_short_paragraphs,many_sections	content/articles/en/1030-grieving-previous-life-after-baby.json
en	1047	9	554	9	16.25	0.625	6	40	The Pressure Not to Repeat Any of Your Parents’ Mistakes	body_under_800_words,high_h2_density,many_short_paragraphs,long_run_of_short_paragraphs	content/articles/en/1047-pressure-not-to-repeat-your-parents-mistakes.json
en	1048	9	542	9	16.61	0.692	12	39	The Pressure to Apply Everything You Read About Parenting Correctly	body_under_800_words,high_h2_density,many_short_paragraphs,long_run_of_short_paragraphs	content/articles/en/1048-pressure-to-apply-all-parenting-advice-correctly.json
es	23	9	689	10	14.51	0.439	3	41	Cómo acompañar a un niño que muerde sin castigos ni vergüenza	body_under_800_words,high_h2_density,many_short_paragraphs,run_of_short_paragraphs,many_sections	content/articles/es/023-nino-muerde-sin-castigos-verguenza.json
es	25	9	712	10	14.04	0.5	4	44	Niños que no quieren recoger: cómo enseñar colaboración sin convertirlo en una lucha	body_under_800_words,high_h2_density,many_short_paragraphs,run_of_short_paragraphs,many_sections	content/articles/es/025-ninos-no-quieren-recoger-colaboracion.json
es	26	9	675	10	14.81	0.565	4	46	Cómo ayudar a un niño a aceptar un no sin ceder ni entrar en una batalla	body_under_800_words,high_h2_density,many_short_paragraphs,run_of_short_paragraphs,many_sections	content/articles/es/026-ayudar-nino-aceptar-no.json
es	27	9	735	11	14.97	0.386	4	44	Transiciones difíciles: cómo pasar de una actividad a otra con menos conflictos	body_under_800_words,high_h2_density,many_short_paragraphs,run_of_short_paragraphs,many_sections	content/articles/es/027-transiciones-dificiles-menos-conflictos.json
es	28	9	697	10	14.35	0.5	4	42	Cómo cerrar las pantallas sin rabietas ni amenazas	body_under_800_words,high_h2_density,many_short_paragraphs,run_of_short_paragraphs,many_sections	content/articles/es/028-cerrar-pantallas-sin-rabietas-amenazas.json
es	37	9	669	9	13.45	0.415	3	41	Cómo validar emociones sin decir sí a todo	body_under_800_words,high_h2_density,many_short_paragraphs,run_of_short_paragraphs,repeated_no_significa_pattern	content/articles/es/037-validar-emociones-sin-decir-si-todo.json
es	47	9	733	10	13.64	0.476	3	42	Coparentalidad: cómo criar en equipo cuando no siempre pensáis igual	body_under_800_words,high_h2_density,many_short_paragraphs,run_of_short_paragraphs,many_sections	content/articles/es/047-coparentalidad-criar-en-equipo-diferencias.json
es	48	9	716	10	13.97	0.489	3	45	Paternidad implicada desde el principio: formas reales de conectar con el bebé	body_under_800_words,high_h2_density,many_short_paragraphs,run_of_short_paragraphs,many_sections	content/articles/es/048-paternidad-implicada-conectar-con-bebe.json
es	50	9	733	10	13.64	0.477	4	44	Cómo poner límites a abuelos y familiares sin romper la relación	body_under_800_words,high_h2_density,many_short_paragraphs,run_of_short_paragraphs,many_sections	content/articles/es/050-limites-abuelos-familiares-sin-romper-relacion.json
es	1008	9	1043	11	10.55	0.477	6	65	Culpa por pedir una niñera aunque no tengas ningún compromiso importante	body_under_1050_words,high_h2_density,many_short_paragraphs,long_run_of_short_paragraphs,repeated_no_necesitas_pattern,many_sections	content/articles/es/1008-culpa-pedir-ninera-sin-compromiso.json
es	1024	9	696	10	14.37	0.41	3	39	Echar de menos la espontaneidad después de convertirte en madre	body_under_800_words,high_h2_density,many_short_paragraphs,run_of_short_paragraphs,many_sections	content/articles/es/1024-echar-menos-espontaneidad-despues-ser-madre.json
es	1026	9	661	10	15.13	0.447	4	38	Echar de menos el silencio después de tener hijos pequeños	body_under_800_words,high_h2_density,many_short_paragraphs,run_of_short_paragraphs,many_sections	content/articles/es/1026-echar-menos-silencio-despues-hijos-pequenos.json
es	1027	9	690	10	14.49	0.432	3	37	Echar de menos dormir sin estar pendiente de nadie después de ser madre	body_under_800_words,high_h2_density,many_short_paragraphs,run_of_short_paragraphs,many_sections	content/articles/es/1027-echar-menos-dormir-sin-estar-pendiente.json
es	1028	9	667	10	14.99	0.459	3	37	Echar de menos tu relación de pareja antes de tener hijos	body_under_800_words,high_h2_density,many_short_paragraphs,run_of_short_paragraphs,many_sections	content/articles/es/1028-echar-menos-relacion-pareja-antes-hijos.json
es	1030	9	690	10	14.49	0.5	4	40	Sentir duelo por tu vida anterior después de tener un bebé	body_under_800_words,high_h2_density,many_short_paragraphs,run_of_short_paragraphs,many_sections	content/articles/es/1030-duelo-vida-anterior-despues-bebe.json
es	1043	9	621	10	16.1	0.525	3	40	La presión de crear recuerdos especiales constantemente para tus hijos	body_under_800_words,high_h2_density,many_short_paragraphs,run_of_short_paragraphs,many_sections	content/articles/es/1043-presion-crear-recuerdos-especiales-hijos.json
es	1044	9	646	10	15.48	0.444	4	36	La presión de ser una madre presente sin mirar nunca el teléfono	body_under_800_words,high_h2_density,many_short_paragraphs,run_of_short_paragraphs,many_sections	content/articles/es/1044-presion-madre-presente-sin-mirar-movil.json
es	1045	9	635	10	15.75	0.395	3	38	La presión de ser divertida, organizada y cariñosa todos los días como madre	body_under_800_words,high_h2_density,many_short_paragraphs,run_of_short_paragraphs,many_sections	content/articles/es/1045-presion-ser-divertida-organizada-carinosa.json
es	1047	9	570	9	15.79	0.575	7	40	La presión de no repetir ningún error de tus propios padres	body_under_800_words,high_h2_density,many_short_paragraphs,long_run_of_short_paragraphs	content/articles/es/1047-presion-no-repetir-errores-de-tus-padres.json
es	1048	9	534	9	16.85	0.641	10	39	La presión de aplicar correctamente todo lo que lees sobre crianza	body_under_800_words,high_h2_density,many_short_paragraphs,long_run_of_short_paragraphs	content/articles/es/1048-presion-aplicar-correctamente-todo-crianza.json
en	15	8	984	12	12.2	0.396	5	53	Positive Discipline vs. Respectful Parenting: Similarities, Differences and How They Fit Together	body_under_1050_words,high_h2_density,many_short_paragraphs,long_run_of_short_paragraphs,many_sections	content/articles/en/015-positive-discipline-vs-respectful-parenting.json
en	17	8	836	12	14.35	0.586	9	58	How to Get More Cooperation Without Repeating Yourself Twenty Times	body_under_1050_words,high_h2_density,many_short_paragraphs,long_run_of_short_paragraphs,many_sections	content/articles/en/017-cooperation-without-repeating.json
en	22	8	569	9	15.82	0.575	4	40	What to do when your child hits without labeling them as aggressive	body_under_800_words,high_h2_density,many_short_paragraphs,run_of_short_paragraphs	content/articles/en/022-child-hits-without-aggressive-label.json
en	27	8	658	10	15.2	0.316	3	38	Difficult transitions: how to move from one activity to the next with less conflict	body_under_800_words,high_h2_density,elevated_short_paragraphs,run_of_short_paragraphs,many_sections	content/articles/en/027-difficult-transitions-fewer-conflicts.json
en	37	8	667	9	13.49	0.4	3	40	How to validate feelings without saying yes to everything	body_under_800_words,high_h2_density,many_short_paragraphs,run_of_short_paragraphs	content/articles/en/037-validate-emotions-without-saying-yes.json
en	41	8	756	9	11.9	0.478	4	46	How to Apologize to Your Child in a Way That Actually Repairs the Relationship	body_under_800_words,high_h2_density,many_short_paragraphs,run_of_short_paragraphs	content/articles/en/041-apologize-to-child-repair.json
en	42	8	643	10	15.55	0.375	3	40	How to Teach a Child to Apologize Without Forcing an Empty “Sorry”	body_under_800_words,high_h2_density,elevated_short_paragraphs,run_of_short_paragraphs,many_sections	content/articles/en/042-teach-child-to-apologize-without-forcing.json
en	1018	8	809	11	13.6	0.51	5	51	How to Get Back to Your Hobbies After Years Focused on Parenting	body_under_1050_words,high_h2_density,many_short_paragraphs,long_run_of_short_paragraphs,many_sections	content/articles/en/1018-recover-personal-interests-after-parenting-years.json
en	1019	8	895	11	12.29	0.574	6	61	When You Feel Like You Have Nothing to Talk About Except Your Kids	body_under_1050_words,high_h2_density,many_short_paragraphs,long_run_of_short_paragraphs,many_sections	content/articles/en/1019-nothing-to-talk-about-except-kids.json
en	1021	8	697	9	12.91	0.487	4	39	Is it normal to miss your life before kids even if you love being a mom?	body_under_800_words,high_h2_density,many_short_paragraphs,run_of_short_paragraphs	content/articles/en/1021-is-it-normal-to-miss-life-before-kids.json
en	1022	8	622	9	14.47	0.417	3	36	Loving your kids and missing your old freedom at the same time	body_under_800_words,high_h2_density,many_short_paragraphs,run_of_short_paragraphs	content/articles/en/1022-love-kids-miss-freedom-before.json
en	1023	8	655	10	15.27	0.303	3	33	Missing your pre-kids life during an exhausting season of parenting	body_under_800_words,high_h2_density,elevated_short_paragraphs,run_of_short_paragraphs,many_sections	content/articles/en/1023-nostalgia-childfree-life-exhausting-season.json
en	1025	8	627	10	15.95	0.343	3	35	Missing the days when you could leave the house without planning everything	body_under_800_words,high_h2_density,elevated_short_paragraphs,run_of_short_paragraphs,many_sections	content/articles/en/1025-missing-leaving-house-without-planning.json
en	1027	8	657	10	15.22	0.371	3	35	Missing the days when you could sleep without being on duty for anyone	body_under_800_words,high_h2_density,elevated_short_paragraphs,run_of_short_paragraphs,many_sections	content/articles/en/1027-missing-sleep-without-being-on-duty.json
en	1028	8	656	10	15.24	0.417	2	36	Missing your relationship before kids	body_under_800_words,high_h2_density,many_short_paragraphs,many_sections	content/articles/en/1028-missing-relationship-before-kids.json
en	1032	8	708	8	11.3	0.421	4	38	Why do I feel more sensitive to anything involving children since becoming a mom?	body_under_800_words,high_h2_density,many_short_paragraphs,run_of_short_paragraphs	content/articles/en/1032-more-sensitive-after-motherhood.json
en	1044	8	607	10	16.47	0.364	4	33	The Pressure to Be a Present Mom Who Never Looks at Her Phone	body_under_800_words,high_h2_density,elevated_short_paragraphs,run_of_short_paragraphs,many_sections	content/articles/en/1044-pressure-to-be-present-mom-never-on-phone.json
en	1046	8	561	10	17.83	0.364	3	33	The Pressure to Give Your Kids a Perfect Childhood	body_under_800_words,high_h2_density,elevated_short_paragraphs,run_of_short_paragraphs,many_sections	content/articles/en/1046-pressure-to-give-kids-perfect-childhood.json
es	10	8	1473	14	9.5	0.592	9	103	Cómo poner límites con respeto sin gritos, amenazas ni castigos	high_h2_density,many_short_paragraphs,long_run_of_short_paragraphs,repeated_no_necesitas_pattern,many_sections	content/articles/es/010-limites-respeto-sin-gritos-amenazas-castigos.json
es	14	8	916	12	13.1	0.404	5	47	Cómo elegir daycare o guardería: preguntas importantes antes de decidir	body_under_1050_words,high_h2_density,many_short_paragraphs,long_run_of_short_paragraphs,many_sections	content/articles/es/014-como-elegir-daycare-guarderia.json
es	17	8	885	12	13.56	0.574	5	61	Cómo conseguir cooperación sin repetir las cosas veinte veces	body_under_1050_words,high_h2_density,many_short_paragraphs,long_run_of_short_paragraphs,many_sections	content/articles/es/017-cooperacion-sin-repetir-veinte-veces.json
es	24	8	715	10	13.99	0.429	2	42	Cómo gestionar los gritos de un toddler desde la crianza respetuosa	body_under_800_words,high_h2_density,many_short_paragraphs,many_sections	content/articles/es/024-gritos-toddler-crianza-respetuosa.json
es	29	8	705	10	14.18	0.372	3	43	Juego independiente: cómo fomentarlo sin exigir que el niño se entretenga solo	body_under_800_words,high_h2_density,elevated_short_paragraphs,run_of_short_paragraphs,many_sections	content/articles/es/029-juego-independiente-sin-exigir.json
es	30	8	725	10	13.79	0.289	3	38	Montessori en casa: qué principios son útiles aunque no tengas una casa Montessori	body_under_800_words,high_h2_density,elevated_short_paragraphs,run_of_short_paragraphs,many_sections	content/articles/es/030-montessori-en-casa-principios-utiles.json
es	36	8	774	9	11.63	0.302	5	43	Cómo acompañar la frustración infantil sin resolverlo todo por ellos	body_under_800_words,high_h2_density,elevated_short_paragraphs,long_run_of_short_paragraphs	content/articles/es/036-acompanar-frustracion-sin-resolver.json
es	43	8	837	10	11.95	0.518	6	56	Cómo gestionar la rivalidad entre hermanos sin convertirte en árbitro permanente	body_under_1050_words,high_h2_density,many_short_paragraphs,long_run_of_short_paragraphs,many_sections	content/articles/es/043-rivalidad-hermanos-sin-arbitro-permanente.json
es	44	8	674	9	13.35	0.405	3	37	Celos por la llegada de un nuevo bebé: cómo acompañar al hermano mayor	body_under_800_words,high_h2_density,many_short_paragraphs,run_of_short_paragraphs	content/articles/es/044-celos-llegada-nuevo-bebe-hermano-mayor.json
es	45	8	711	10	14.06	0.342	3	38	Cómo preparar a un toddler para la llegada de un hermano	body_under_800_words,high_h2_density,elevated_short_paragraphs,run_of_short_paragraphs,many_sections	content/articles/es/045-preparar-toddler-llegada-hermano.json
es	49	8	782	10	12.79	0.372	3	43	Cómo cuidar la relación de pareja después de tener hijos sin añadir otra obligación	body_under_800_words,high_h2_density,elevated_short_paragraphs,run_of_short_paragraphs,many_sections	content/articles/es/049-cuidar-relacion-pareja-despues-hijos.json
es	1004	8	990	11	11.11	0.469	3	64	Culpa por no echar de menos a tus hijos durante unas horas	body_under_1050_words,high_h2_density,many_short_paragraphs,run_of_short_paragraphs,repeated_no_necesitas_pattern,many_sections	content/articles/es/1004-culpa-no-echar-menos-hijos.json
es	1016	8	929	12	12.92	0.464	5	56	Cómo volver a sentirte tú misma después de convertirte en madre	body_under_1050_words,high_h2_density,many_short_paragraphs,long_run_of_short_paragraphs,many_sections	content/articles/es/1016-volver-sentirte-tu-misma-despues-ser-madre.json
es	1017	8	833	11	13.21	0.589	5	56	Cuando toda tu vida gira alrededor de tus hijos y no sabes qué te gusta a ti	body_under_1050_words,high_h2_density,many_short_paragraphs,long_run_of_short_paragraphs,many_sections	content/articles/es/1017-toda-vida-gira-hijos-no-sabes-que-te-gusta.json
es	1018	8	858	12	13.99	0.579	5	57	Cómo recuperar intereses personales después de años centrada en la crianza	body_under_1050_words,high_h2_density,many_short_paragraphs,long_run_of_short_paragraphs,many_sections	content/articles/es/1018-recuperar-intereses-personales-despues-crianza.json
es	1019	8	866	11	12.7	0.59	6	61	Sentir que ya no tienes nada de qué hablar aparte de tus hijos	body_under_1050_words,high_h2_density,many_short_paragraphs,long_run_of_short_paragraphs,many_sections	content/articles/es/1019-nada-hablar-aparte-hijos.json
es	1021	8	710	9	12.68	0.41	4	39	¿Es normal echar de menos tu vida antes de tener hijos aunque adores ser madre?	body_under_800_words,high_h2_density,many_short_paragraphs,run_of_short_paragraphs	content/articles/es/1021-es-normal-echar-menos-vida-antes-hijos.json
es	1022	8	715	9	12.59	0.385	3	39	Querer a tus hijos y echar de menos la libertad de antes al mismo tiempo	body_under_800_words,high_h2_density,many_short_paragraphs,run_of_short_paragraphs	content/articles/es/1022-querer-hijos-echar-menos-libertad.json
es	1025	8	644	10	15.53	0.389	2	36	Echar de menos poder salir de casa sin planificar nada desde que tienes hijos	body_under_800_words,high_h2_density,many_short_paragraphs,many_sections	content/articles/es/1025-echar-menos-salir-casa-sin-planificar.json
es	1042	8	556	9	16.19	0.514	4	35	La presión de disfrutar cada momento de la maternidad	body_under_800_words,high_h2_density,many_short_paragraphs,run_of_short_paragraphs	content/articles/es/1042-presion-disfrutar-cada-momento-maternidad.json
es	1046	8	577	10	17.33	0.412	2	34	La presión de ofrecer una infancia perfecta a tus hijos	body_under_800_words,high_h2_density,many_short_paragraphs,many_sections	content/articles/es/1046-presion-ofrecer-infancia-perfecta.json
en	6	7	1355	12	8.86	0.442	6	77	Toddler Bedtime: How to Handle Sleep Without Turning It Into a Battle	high_h2_density,many_short_paragraphs,long_run_of_short_paragraphs,many_sections	content/articles/en/006-toddler-bedtime-without-battles.json
en	8	7	1377	12	8.71	0.529	6	87	When Your Child Barely Eats or Refuses Food: How to Take Pressure Off Mealtimes	high_h2_density,many_short_paragraphs,long_run_of_short_paragraphs,many_sections	content/articles/en/008-child-eats-little-food-refusal.json
en	10	7	1552	14	9.02	0.51	8	96	How to Set Limits Without Yelling, Threats or Punishment	high_h2_density,many_short_paragraphs,long_run_of_short_paragraphs,many_sections	content/articles/en/010-respectful-limits-without-yelling.json
en	13	7	818	10	12.22	0.391	4	46	Sleep Regressions: How to Get Through Them Without Changing Everything	body_under_1050_words,high_h2_density,many_short_paragraphs,run_of_short_paragraphs,many_sections	content/articles/en/013-sleep-regressions-calm.json
en	16	7	894	13	14.54	0.385	3	52	A Toddler Bedtime Routine That Encourages Cooperation Without Becoming a Battle	body_under_1050_words,high_h2_density,many_short_paragraphs,run_of_short_paragraphs,many_sections	content/articles/en/016-toddler-bedtime-routine.json
en	28	7	557	9	16.16	0.344	3	32	How to turn off screens without tantrums, threats, or endless negotiating	body_under_800_words,high_h2_density,elevated_short_paragraphs,run_of_short_paragraphs	content/articles/en/028-turn-off-screens-without-tantrums.json
en	35	7	649	8	12.33	0.294	4	34	How to teach waiting without expecting patience your child is still learning	body_under_800_words,high_h2_density,elevated_short_paragraphs,run_of_short_paragraphs	content/articles/en/035-teach-waiting-without-demanding-patience.json
en	45	7	647	10	15.46	0.297	2	37	How to Prepare a Toddler for a New Sibling	body_under_800_words,high_h2_density,elevated_short_paragraphs,many_sections	content/articles/en/045-prepare-toddler-for-new-sibling.json
en	1001	7	1310	12	9.16	0.471	7	85	Mom Guilt: Why Moms Feel Guilty Even When They Know They’re Doing Their Best	high_h2_density,many_short_paragraphs,long_run_of_short_paragraphs,many_sections	content/articles/en/1001-mom-guilt.json
en	1010	7	918	10	10.89	0.418	4	55	Feeling Guilty for Feeling Relieved When the Kids Go Back to School or Daycare	body_under_1050_words,high_h2_density,many_short_paragraphs,run_of_short_paragraphs,many_sections	content/articles/en/1010-guilt-relief-school-daycare.json
en	1012	7	875	10	11.43	0.404	3	47	Not Recognizing Yourself After Becoming a Mom: Why It Can Feel So Strange	body_under_1050_words,high_h2_density,many_short_paragraphs,run_of_short_paragraphs,many_sections	content/articles/en/1012-not-recognizing-yourself-after-motherhood.json
en	1013	7	862	10	11.6	0.417	3	48	How to Keep Your Personal Identity After Having Kids	body_under_1050_words,high_h2_density,many_short_paragraphs,run_of_short_paragraphs,many_sections	content/articles/en/1013-maintain-personal-identity-after-kids.json
en	1014	7	896	10	11.16	0.389	3	54	Feeling Invisible Behind the Role of Mom	body_under_1050_words,high_h2_density,many_short_paragraphs,run_of_short_paragraphs,many_sections	content/articles/en/1014-feeling-invisible-behind-mom-role.json
en	1015	7	877	11	12.54	0.509	3	55	Missing Who You Were Before Kids Without Wanting Your Old Life Back	body_under_1050_words,high_h2_density,many_short_paragraphs,run_of_short_paragraphs,many_sections	content/articles/en/1015-missing-who-you-were-before-kids.json
en	1016	7	833	11	13.21	0.451	3	51	How to Feel Like Yourself Again After Becoming a Mom	body_under_1050_words,high_h2_density,many_short_paragraphs,run_of_short_paragraphs,many_sections	content/articles/en/1016-feel-like-yourself-again-after-motherhood.json
en	1017	7	802	11	13.72	0.528	4	53	When Your Life Revolves Around Your Kids and You Don’t Know What You Like Anymore	body_under_1050_words,high_h2_density,many_short_paragraphs,run_of_short_paragraphs,many_sections	content/articles/en/1017-life-revolves-around-kids-dont-know-what-you-like.json
en	1036	7	743	9	12.11	0.333	3	42	Feeling like you have so much more to lose since becoming a mom	body_under_800_words,high_h2_density,elevated_short_paragraphs,run_of_short_paragraphs	content/articles/en/1036-more-to-lose-after-motherhood.json
en	1037	7	711	9	12.66	0.308	3	39	Why some moms become more protective than they expected	body_under_800_words,high_h2_density,elevated_short_paragraphs,run_of_short_paragraphs	content/articles/en/1037-more-protective-than-expected.json
en	1041	7	535	8	14.95	0.406	2	32	The Pressure to Be a Patient Mom All the Time	body_under_800_words,high_h2_density,many_short_paragraphs	content/articles/en/1041-pressure-to-be-patient-mom-all-the-time.json
en	1042	7	528	9	17.05	0.469	2	32	The Pressure to Enjoy Every Moment of Motherhood	body_under_800_words,high_h2_density,many_short_paragraphs	content/articles/en/1042-pressure-to-enjoy-every-moment-of-motherhood.json
es	3	7	1403	11	7.84	0.389	4	72	Rabietas: cómo acompañarlas con calma, límites y conexión	high_h2_density,many_short_paragraphs,run_of_short_paragraphs,repeated_no_necesitas_pattern,many_sections	content/articles/es/003-rabietas-acompanar-calma-limites-conexion.json
es	6	7	1566	12	7.66	0.407	5	81	Sueño del toddler: cómo acompañar la hora de dormir sin convertirla en una batalla	high_h2_density,many_short_paragraphs,long_run_of_short_paragraphs,many_sections	content/articles/es/006-sueno-toddler-hora-dormir-sin-batalla.json
es	8	7	1383	12	8.68	0.447	5	85	Niños que comen poco o rechazan alimentos: cómo quitar presión a las comidas	high_h2_density,many_short_paragraphs,long_run_of_short_paragraphs,many_sections	content/articles/es/008-ninos-comen-poco-rechazan-alimentos.json
es	15	7	1033	12	11.62	0.309	6	55	Disciplina positiva y crianza respetuosa: similitudes, diferencias y cómo usarlas	body_under_1050_words,high_h2_density,elevated_short_paragraphs,long_run_of_short_paragraphs,many_sections	content/articles/es/015-disciplina-positiva-vs-crianza-respetuosa.json
es	32	7	747	9	12.05	0.294	3	34	Rutinas para toddlers: cómo dar estructura al día sin volverlo rígido	body_under_800_words,high_h2_density,elevated_short_paragraphs,run_of_short_paragraphs	content/articles/es/032-rutinas-toddlers-estructura-sin-rigidez.json
es	41	7	917	9	9.81	0.492	6	59	Cómo pedir perdón a un niño de una forma que realmente repare	body_under_1050_words,high_h2_density,many_short_paragraphs,long_run_of_short_paragraphs	content/articles/es/041-pedir-perdon-a-un-nino-reparar.json
es	42	7	850	10	11.76	0.451	4	51	Cómo enseñar a pedir perdón sin forzar disculpas vacías	body_under_1050_words,high_h2_density,many_short_paragraphs,run_of_short_paragraphs,many_sections	content/articles/es/042-ensenar-a-pedir-perdon-sin-forzar.json
es	1001	7	1330	12	9.02	0.517	6	87	Mom guilt: por qué muchas madres sienten culpa incluso cuando saben que hacen lo mejor que pueden	high_h2_density,many_short_paragraphs,long_run_of_short_paragraphs,many_sections	content/articles/es/1001-mom-guilt-culpa-materna.json
es	1002	7	1124	11	9.79	0.431	5	72	Culpa por necesitar un descanso de tus hijos: por qué aparece y cómo mirarla de otra manera	high_h2_density,many_short_paragraphs,long_run_of_short_paragraphs,many_sections	content/articles/es/1002-culpa-necesitar-descanso-hijos.json
es	1003	7	1067	11	10.31	0.5	6	70	Culpa por disfrutar tiempo sola después de convertirte en madre	high_h2_density,many_short_paragraphs,long_run_of_short_paragraphs,many_sections	content/articles/es/1003-culpa-disfrutar-tiempo-sola-madre.json
es	1005	7	1123	11	9.8	0.521	5	71	Culpa por desear que llegue la hora de dormir de tus hijos	high_h2_density,many_short_paragraphs,long_run_of_short_paragraphs,many_sections	content/articles/es/1005-culpa-desear-hora-dormir-hijos.json
es	1006	7	1195	11	9.21	0.452	5	73	Culpa por mirar el móvil mientras tus hijos juegan	high_h2_density,many_short_paragraphs,long_run_of_short_paragraphs,many_sections	content/articles/es/1006-culpa-movil-mientras-hijos-juegan.json
es	1007	7	1007	11	10.92	0.508	4	63	Culpa por no jugar tanto con tus hijos como crees que deberías	body_under_1050_words,high_h2_density,many_short_paragraphs,run_of_short_paragraphs,many_sections	content/articles/es/1007-culpa-no-jugar-suficiente-hijos.json
es	1010	7	1097	13	11.85	0.577	6	78	Culpa por sentir alivio cuando tus hijos vuelven al colegio o daycare	high_h2_density,many_short_paragraphs,long_run_of_short_paragraphs,many_sections	content/articles/es/1010-culpa-alivio-vuelta-colegio-daycare.json
es	1012	7	879	10	11.38	0.396	3	48	No reconocerte después de convertirte en madre: una experiencia más común de lo que parece	body_under_1050_words,high_h2_density,many_short_paragraphs,run_of_short_paragraphs,many_sections	content/articles/es/1012-no-reconocerte-despues-ser-madre.json
es	1013	7	943	11	11.66	0.404	4	52	Cómo mantener tu identidad personal después de tener hijos	body_under_1050_words,high_h2_density,many_short_paragraphs,run_of_short_paragraphs,many_sections	content/articles/es/1013-mantener-identidad-personal-despues-hijos.json
es	1015	7	928	11	11.85	0.444	4	54	Echar de menos quién eras antes de tener hijos sin querer volver atrás	body_under_1050_words,high_h2_density,many_short_paragraphs,run_of_short_paragraphs,many_sections	content/articles/es/1015-echar-menos-quien-eras-antes-hijos.json
es	1023	7	664	10	15.06	0.303	2	33	Sentir nostalgia por tu vida sin hijos durante una etapa agotadora	body_under_800_words,high_h2_density,elevated_short_paragraphs,many_sections	content/articles/es/1023-nostalgia-vida-sin-hijos-etapa-agotadora.json
es	1032	7	751	8	10.65	0.27	3	37	Convertirte en madre y sentirte más sensible que antes ante todo lo que les pasa a los niños	body_under_800_words,high_h2_density,run_of_short_paragraphs,repeated_no_necesitas_pattern	content/articles/es/1032-mas-sensible-desde-ser-madre.json
es	1033	7	768	9	11.72	0.3	3	40	Sentir que desde que eres madre te preocupan cosas que antes ni pensabas	body_under_800_words,high_h2_density,elevated_short_paragraphs,run_of_short_paragraphs	content/articles/es/1033-preocupaciones-nuevas-desde-ser-madre.json
es	1036	7	763	9	11.8	0.366	3	41	Sentir que ahora tienes mucho más que perder desde que eres madre	body_under_800_words,high_h2_density,elevated_short_paragraphs,run_of_short_paragraphs	content/articles/es/1036-sentir-mucho-mas-que-perder-madre.json
es	1038	7	707	8	11.32	0.316	3	38	No reconocerte en lo protectora que te has vuelto después de tener un bebé	body_under_800_words,high_h2_density,elevated_short_paragraphs,run_of_short_paragraphs	content/articles/es/1038-no-reconocerte-protectora-despues-bebe.json
es	1040	7	748	9	12.03	0.35	3	40	Sentir emociones más intensas desde que tienes hijos: cómo entender tu nueva sensibilidad	body_under_800_words,high_h2_density,elevated_short_paragraphs,run_of_short_paragraphs	content/articles/es/1040-emociones-intensas-desde-tener-hijos.json
es	1041	7	610	8	13.11	0.353	4	34	La presión de ser una madre paciente todo el tiempo	body_under_800_words,high_h2_density,elevated_short_paragraphs,run_of_short_paragraphs	content/articles/es/1041-presion-ser-madre-paciente-todo-el-tiempo.json
en	3	6	1247	11	8.82	0.463	4	67	Toddler Tantrums: How to Respond With Calm, Limits and Connection	high_h2_density,many_short_paragraphs,run_of_short_paragraphs,many_sections	content/articles/en/003-toddler-tantrums-calm-limits-connection.json
en	14	6	922	12	13.02	0.348	4	46	How to Choose a Daycare: Questions That Matter Before You Decide	body_under_1050_words,high_h2_density,elevated_short_paragraphs,run_of_short_paragraphs,many_sections	content/articles/en/014-how-to-choose-daycare.json
en	18	6	921	12	13.03	0.314	3	51	Baby-Led Feeding and Mealtime Autonomy: How to Keep Food Low-Pressure	body_under_1050_words,high_h2_density,elevated_short_paragraphs,run_of_short_paragraphs,many_sections	content/articles/en/018-baby-led-feeding-table-autonomy.json
en	20	6	1065	15	14.08	0.327	4	52	What to Pack in Your Hospital Bag: A Practical, Minimalist List	high_h2_density,elevated_short_paragraphs,run_of_short_paragraphs,repeated_no_necesitas_pattern,many_sections	content/articles/en/020-hospital-bag-practical-minimalist.json
en	30	6	655	10	15.27	0.257	2	35	Montessori at home: useful principles even if your house is not a Montessori classroom	body_under_800_words,high_h2_density,many_sections	content/articles/en/030-montessori-at-home-useful-principles.json
en	32	6	692	9	13.01	0.333	2	36	Toddler routines: how to add structure without making the day rigid	body_under_800_words,high_h2_density,elevated_short_paragraphs	content/articles/en/032-toddler-routines-structure-without-rigidity.json
en	34	6	697	8	11.48	0.303	2	33	What to do when your child seems not to listen	body_under_800_words,high_h2_density,elevated_short_paragraphs	content/articles/en/034-child-seems-not-listen.json
en	38	6	747	9	12.05	0.316	2	38	Natural and logical consequences: when they help and when they are punishment in disguise	body_under_800_words,high_h2_density,elevated_short_paragraphs	content/articles/en/038-natural-logical-consequences-not-disguised-punishment.json
en	1020	6	1111	12	10.8	0.419	4	62	How to Build an Adult Identity That Includes Motherhood Without Being Only About It	high_h2_density,many_short_paragraphs,run_of_short_paragraphs,many_sections	content/articles/en/1020-adult-identity-includes-motherhood.json
en	1031	6	761	8	10.51	0.316	2	38	Why does it feel like motherhood changed my personality?	body_under_800_words,high_h2_density,elevated_short_paragraphs	content/articles/en/1031-motherhood-changed-my-personality.json
en	1033	6	719	9	12.52	0.275	3	40	Why do I worry about things I never thought about before becoming a mom?	body_under_800_words,high_h2_density,run_of_short_paragraphs	content/articles/en/1033-worry-about-things-after-motherhood.json
en	1034	6	667	8	11.99	0.343	2	35	How your relationship with risk can change after having kids	body_under_800_words,high_h2_density,elevated_short_paragraphs	content/articles/en/1034-relationship-with-risk-after-kids.json
en	1038	6	713	8	11.22	0.308	2	39	When you don't recognize how protective you've become after having a baby	body_under_800_words,high_h2_density,elevated_short_paragraphs	content/articles/en/1038-dont-recognize-how-protective-youve-become.json
en	1039	6	762	9	11.81	0.333	2	39	Feeling like motherhood made you more emotionally vulnerable	body_under_800_words,high_h2_density,elevated_short_paragraphs	content/articles/en/1039-motherhood-emotional-vulnerability.json
en	1040	6	766	9	11.75	0.341	2	41	Feeling emotions more intensely after having kids: understanding your new sensitivity	body_under_800_words,high_h2_density,elevated_short_paragraphs	content/articles/en/1040-more-intense-emotions-after-kids.json
es	12	6	942	14	14.86	0.265	3	49	Actividades para toddlers en casa que realmente mantienen su interés	body_under_1050_words,high_h2_density,run_of_short_paragraphs,repeated_no_necesitas_pattern,many_sections	content/articles/es/012-actividades-toddlers-en-casa.json
es	13	6	875	10	11.43	0.375	3	48	Regresiones del sueño: cómo atravesarlas con calma	body_under_1050_words,high_h2_density,elevated_short_paragraphs,run_of_short_paragraphs,many_sections	content/articles/es/013-regresiones-sueno-calma.json
es	16	6	916	13	14.19	0.308	3	52	Rutina de noche para niños pequeños: pasos sencillos que favorecen la cooperación	body_under_1050_words,high_h2_density,elevated_short_paragraphs,run_of_short_paragraphs,many_sections	content/articles/es/016-rutina-noche-ninos-pequenos.json
es	18	6	955	12	12.57	0.3	4	50	Baby-led feeding y autonomía en la mesa: cómo fomentar una relación tranquila con la comida	body_under_1050_words,high_h2_density,elevated_short_paragraphs,run_of_short_paragraphs,many_sections	content/articles/es/018-baby-led-feeding-autonomia-mesa.json
es	20	6	1089	15	13.77	0.308	4	52	Qué llevar en la bolsa del hospital: lista práctica y minimalista	high_h2_density,elevated_short_paragraphs,run_of_short_paragraphs,repeated_no_necesitas_pattern,many_sections	content/articles/es/020-bolsa-hospital-lista-practica-minimalista.json
es	21	6	695	8	11.51	0.333	2	36	Siestas del bebé: cómo crear una rutina flexible sin vivir pendiente del reloj	body_under_800_words,high_h2_density,elevated_short_paragraphs	content/articles/es/021-siestas-bebe-rutina-flexible.json
es	1011	6	969	9	9.29	0.42	4	50	Matrescencia: por qué convertirte en madre puede cambiar profundamente tu identidad	body_under_1050_words,high_h2_density,many_short_paragraphs,run_of_short_paragraphs	content/articles/es/1011-matrescencia-cambio-identidad-madre.json
es	1014	6	923	10	10.83	0.347	3	49	Sentir que has desaparecido detrás del papel de mamá	body_under_1050_words,high_h2_density,elevated_short_paragraphs,run_of_short_paragraphs,many_sections	content/articles/es/1014-sentir-desaparecido-papel-mama.json
es	1020	6	1087	12	11.04	0.459	4	61	Cómo construir una identidad adulta que incluya la maternidad pero no dependa solo de ella	high_h2_density,many_short_paragraphs,run_of_short_paragraphs,many_sections	content/articles/es/1020-identidad-adulta-incluye-maternidad.json
es	1034	6	740	8	10.81	0.324	2	37	Cómo cambia tu relación con el riesgo después de tener hijos	body_under_800_words,high_h2_density,elevated_short_paragraphs	content/articles/es/1034-relacion-riesgo-despues-hijos.json
es	1037	6	706	9	12.75	0.35	2	40	Por qué algunas madres se vuelven más protectoras de lo que imaginaban	body_under_800_words,high_h2_density,elevated_short_paragraphs	content/articles/es/1037-mas-protectora-de-lo-esperado.json
es	1039	6	744	9	12.1	0.325	2	40	Sentir que la maternidad te ha hecho más vulnerable emocionalmente	body_under_800_words,high_h2_density,elevated_short_paragraphs	content/articles/es/1039-maternidad-vulnerabilidad-emocional.json
en	2	5	1399	10	7.15	0.391	2	69	Baby Bedtime Routine: How to Make Nights More Predictable Without Being Rigid	high_h2_density,many_short_paragraphs,many_sections	content/articles/en/002-baby-bedtime-routine.json
en	4	5	1526	12	7.86	0.324	3	74	Potty Training Without Pressure: A Respectful Guide Without Rewards	high_h2_density,elevated_short_paragraphs,run_of_short_paragraphs,many_sections	content/articles/en/004-potty-training-without-pressure.json
en	5	5	1295	11	8.49	0.356	4	59	Baby Registry Essentials: What’s Worth Adding and What You Can Skip	high_h2_density,elevated_short_paragraphs,run_of_short_paragraphs,many_sections	content/articles/en/005-baby-registry-essentials.json
en	7	5	1436	12	8.36	0.31	4	71	Sleep Training: What It Means, Common Approaches and Gentler Alternatives	high_h2_density,elevated_short_paragraphs,run_of_short_paragraphs,many_sections	content/articles/en/007-sleep-training-approaches-alternatives.json
en	11	5	823	9	10.94	0.286	3	42	Night Wakings: How to Respond Respectfully Without Burning Out the Family	body_under_1050_words,high_h2_density,elevated_short_paragraphs,run_of_short_paragraphs	content/articles/en/011-night-wakings-respectful-response.json
en	12	5	927	14	15.1	0.265	2	49	Toddler Activities at Home That Actually Hold Their Attention	body_under_1050_words,high_h2_density,repeated_no_necesitas_pattern,many_sections	content/articles/en/012-toddler-activities-at-home.json
en	21	5	592	7	11.82	0.25	2	28	Baby naps: how to build a flexible routine without watching the clock all day	body_under_800_words,high_h2_density	content/articles/en/021-baby-naps-flexible-routine.json
en	33	5	799	9	11.26	0.22	2	41	How to handle power struggles with young children	body_under_800_words,high_h2_density	content/articles/en/033-power-struggles-young-children.json
en	40	5	825	10	12.12	0.279	3	43	What to do after you yell at your child	body_under_1050_words,high_h2_density,run_of_short_paragraphs,many_sections	content/articles/en/040-what-to-do-after-yelling-at-child.json
en	1004	5	983	10	10.17	0.353	2	51	Feeling Guilty for Not Missing Your Kids When You’re Away	body_under_1050_words,high_h2_density,elevated_short_paragraphs,many_sections	content/articles/en/1004-guilt-not-missing-kids.json
en	1006	5	1016	9	8.86	0.286	3	49	Feeling Guilty for Looking at Your Phone While Your Kids Play	body_under_1050_words,high_h2_density,elevated_short_paragraphs,run_of_short_paragraphs	content/articles/en/1006-guilt-phone-while-kids-play.json
en	1011	5	896	9	10.04	0.311	3	45	Matrescence: Why Becoming a Mother Can Change Your Sense of Identity	body_under_1050_words,high_h2_density,elevated_short_paragraphs,run_of_short_paragraphs	content/articles/en/1011-matrescence-identity-change.json
en	1035	5	798	9	11.28	0.225	2	40	Why the world can feel more dangerous after you have a baby	body_under_800_words,high_h2_density	content/articles/en/1035-world-feels-more-dangerous-after-baby.json
es	1	5	1648	10	6.07	0.324	4	74	Crianza respetuosa: qué significa de verdad y cómo aplicarla sin caer en extremos	elevated_h2_density,elevated_short_paragraphs,run_of_short_paragraphs,repeated_no_necesitas_pattern,many_sections	content/articles/es/001-crianza-respetuosa.json
es	4	5	1613	12	7.44	0.271	3	70	Potty training o dejar el pañal: guía respetuosa sin premios ni presión	high_h2_density,run_of_short_paragraphs,repeated_no_significa_pattern,many_sections	content/articles/es/004-potty-training-sin-premios-presion.json
es	5	5	1383	11	7.95	0.305	4	59	Baby registry: qué merece la pena incluir y qué puedes saltarte	high_h2_density,elevated_short_paragraphs,run_of_short_paragraphs,many_sections	content/articles/es/005-baby-registry-que-incluir.json
es	9	5	1340	11	8.21	0.299	3	67	Ventanas de sueño: cómo usarlas como referencia sin obsesionarse	high_h2_density,elevated_short_paragraphs,run_of_short_paragraphs,many_sections	content/articles/es/009-ventanas-sueno-sin-obsesion.json
es	11	5	870	9	10.34	0.326	3	43	Despertares nocturnos: cómo responder de forma respetuosa y sostenible para la familia	body_under_1050_words,high_h2_density,elevated_short_paragraphs,run_of_short_paragraphs	content/articles/es/011-despertares-nocturnos-responder-respeto.json
es	19	5	955	13	13.61	0.245	3	49	Cómo preparar la casa para la llegada del bebé sin comprar de más	body_under_1050_words,high_h2_density,run_of_short_paragraphs,many_sections	content/articles/es/019-preparar-casa-llegada-bebe-sin-comprar-de-mas.json
es	34	5	770	8	10.39	0.229	1	35	Qué hacer cuando tu hijo parece no escuchar	body_under_800_words,high_h2_density	content/articles/es/034-hijo-parece-no-escuchar.json
es	35	5	691	8	11.58	0.147	1	34	Cómo enseñar a esperar sin exigir una paciencia que todavía está aprendiendo	body_under_800_words,high_h2_density	content/articles/es/035-ensenar-esperar-paciencia.json
es	38	5	827	9	10.88	0.415	2	41	Consecuencias naturales y lógicas: cuándo ayudan y cuándo se convierten en castigos disfrazados	body_under_1050_words,high_h2_density,many_short_paragraphs	content/articles/es/038-consecuencias-naturales-logicas-sin-castigo.json
es	46	5	833	10	12.0	0.279	3	43	Cómo repartir la carga mental de la crianza en pareja	body_under_1050_words,high_h2_density,run_of_short_paragraphs,many_sections	content/articles/es/046-repartir-carga-mental-crianza-pareja.json
es	1009	5	1836	12	6.54	0.33	5	94	Culpa por querer pasar un fin de semana sin los niños	elevated_h2_density,elevated_short_paragraphs,long_run_of_short_paragraphs,many_sections	content/articles/es/1009-culpa-fin-semana-sin-hijos.json
en	1	4	1538	10	6.5	0.312	3	77	Respectful Parenting: What It Really Means and How to Use It Without Going to Extremes	elevated_h2_density,elevated_short_paragraphs,run_of_short_paragraphs,many_sections	content/articles/en/001-respectful-parenting.json
en	9	4	1310	11	8.4	0.299	2	67	Wake Windows: How to Use Them as a Flexible Guide Without Obsessing	high_h2_density,elevated_short_paragraphs,many_sections	content/articles/en/009-wake-windows-without-obsessing.json
en	19	4	983	13	13.22	0.271	2	48	How to Prepare Your Home for a Baby Without Buying Too Much	body_under_1050_words,high_h2_density,many_sections	content/articles/en/019-prepare-home-for-baby-without-overbuying.json
en	39	4	819	10	12.21	0.25	2	40	How to stop yelling at your kids when you are overwhelmed	body_under_1050_words,high_h2_density,many_sections	content/articles/en/039-stop-yelling-parent-overwhelm.json
en	1003	4	1043	9	8.63	0.367	2	49	Feeling Guilty for Enjoying Time Alone After Becoming a Mom	body_under_1050_words,high_h2_density,elevated_short_paragraphs	content/articles/en/1003-guilt-enjoying-time-alone.json
en	1005	4	968	9	9.3	0.318	2	44	Feeling Guilty for Wanting Bedtime to Come Sooner	body_under_1050_words,high_h2_density,elevated_short_paragraphs	content/articles/en/1005-guilt-wanting-bedtime.json
en	1007	4	909	9	9.9	0.333	2	45	Feeling Guilty Because You Don’t Play With Your Kids as Much as You Think You Should	body_under_1050_words,high_h2_density,elevated_short_paragraphs	content/articles/en/1007-guilt-not-playing-enough.json
en	1008	4	895	9	10.06	0.277	3	47	Feeling Guilty for Hiring a Babysitter When You Don’t Have Anywhere You Have to Be	body_under_1050_words,high_h2_density,run_of_short_paragraphs	content/articles/en/1008-guilt-hiring-babysitter-no-plans.json
en	1009	4	1108	11	9.93	0.273	4	55	Feeling Guilty for Wanting a Weekend Away Without the Kids	high_h2_density,run_of_short_paragraphs,many_sections	content/articles/en/1009-guilt-weekend-without-kids.json
es	7	4	1469	12	8.17	0.261	3	69	Sleep training: qué significa, qué enfoques existen y qué alternativas respetuosas hay	high_h2_density,run_of_short_paragraphs,many_sections	content/articles/es/007-sleep-training-enfoques-alternativas.json
es	39	4	858	10	11.66	0.25	2	44	Cómo dejar de gritar: estrategias prácticas para padres en momentos de saturación	body_under_1050_words,high_h2_density,many_sections	content/articles/es/039-dejar-gritar-padres-saturacion.json
es	40	4	835	10	11.98	0.233	2	43	Qué hacer después de gritarle a tu hijo	body_under_1050_words,high_h2_density,many_sections	content/articles/es/040-despues-gritarle-hijo.json
en	31	3	841	7	8.32	0.147	2	34	Open-ended toys: why they often stay interesting longer	body_under_1050_words,high_h2_density	content/articles/en/031-open-ended-toys-longer-play.json
en	1002	3	1120	10	8.93	0.19	1	42	Feeling Guilty for Needing a Break From Your Kids: Why It Happens and How to See It Differently	high_h2_density,many_sections	content/articles/en/1002-guilt-needing-break-from-kids.json
es	2	3	1644	10	6.08	0.312	2	64	Rutina de sueño del bebé: cómo crear noches más predecibles sin rigidez	elevated_h2_density,elevated_short_paragraphs,many_sections	content/articles/es/002-rutina-sueno-bebe.json
es	31	3	873	7	8.02	0.133	2	30	Juguetes abiertos: por qué suelen durar más en el juego	body_under_1050_words,high_h2_density	content/articles/es/031-juguetes-abiertos-juego.json
es	33	3	816	9	11.03	0.22	2	41	Cómo manejar las luchas de poder con niños pequeños	body_under_1050_words,high_h2_density	content/articles/es/033-luchas-poder-ninos-pequenos.json
es	1031	3	810	8	9.88	0.237	2	38	¿Por qué siento que ser madre ha cambiado mi personalidad?	body_under_1050_words,high_h2_density	content/articles/es/1031-maternidad-cambio-personalidad.json
es	1035	3	800	9	11.25	0.275	2	40	Por qué algunas madres sienten que el mundo parece más peligroso después de tener un bebé	body_under_1050_words,high_h2_density	content/articles/es/1035-mundo-parece-mas-peligroso-despues-bebe.json
